{
  "book_name": {
    "precision": 0.0,
    "recall": 0.0,
    "f1-score": 0.0,
    "support": 13,
    "confused_with": {
      "book_type": 6
    }
  },
  "borrow_dates": {
    "precision": 0.5,
    "recall": 0.25,
    "f1-score": 0.3333333333333333,
    "support": 4,
    "confused_with": {}
  },
  "name": {
    "precision": 0.0,
    "recall": 0.0,
    "f1-score": 0.0,
    "support": 3,
    "confused_with": {}
  },
  "book_type": {
    "precision": 0.5,
    "recall": 0.6,
    "f1-score": 0.5454545454545454,
    "support": 10,
    "confused_with": {
      "book_name": 4
    }
  },
  "micro avg": {
    "precision": 0.3684210526315789,
    "recall": 0.23333333333333334,
    "f1-score": 0.2857142857142857,
    "support": 30
  },
  "macro avg": {
    "precision": 0.25,
    "recall": 0.2125,
    "f1-score": 0.21969696969696967,
    "support": 30
  },
  "weighted avg": {
    "precision": 0.23333333333333334,
    "recall": 0.23333333333333334,
    "f1-score": 0.22626262626262625,
    "support": 30
  },
  "accuracy": 0.9237804878048781
}