{
  "greet": {
    "precision": 0.8125,
    "recall": 0.8666666666666667,
    "f1-score": 0.8387096774193549,
    "support": 15,
    "confused_with": {
      "bot_challenge": 1,
      "ask_for_finding_books": 1
    }
  },
  "inform": {
    "precision": 0.8571428571428571,
    "recall": 0.9230769230769231,
    "f1-score": 0.888888888888889,
    "support": 13,
    "confused_with": {
      "mood_unhappy": 1
    }
  },
  "request_return_book": {
    "precision": 1.0,
    "recall": 1.0,
    "f1-score": 1.0,
    "support": 8,
    "confused_with": {}
  },
  "mood_unhappy": {
    "precision": 0.7142857142857143,
    "recall": 0.625,
    "f1-score": 0.6666666666666666,
    "support": 8,
    "confused_with": {
      "deny": 2,
      "inform": 1
    }
  },
  "deny": {
    "precision": 0.5714285714285714,
    "recall": 0.5714285714285714,
    "f1-score": 0.5714285714285714,
    "support": 7,
    "confused_with": {
      "mood_unhappy": 1,
      "greet": 1
    }
  },
  "request_borrow_book": {
    "precision": 1.0,
    "recall": 1.0,
    "f1-score": 1.0,
    "support": 6,
    "confused_with": {}
  },
  "goodbye": {
    "precision": 1.0,
    "recall": 0.8333333333333334,
    "f1-score": 0.9090909090909091,
    "support": 6,
    "confused_with": {
      "affirm": 1
    }
  },
  "ask_for_finding_books": {
    "precision": 0.8,
    "recall": 1.0,
    "f1-score": 0.888888888888889,
    "support": 8,
    "confused_with": {}
  },
  "affirm": {
    "precision": 0.5,
    "recall": 0.5,
    "f1-score": 0.5,
    "support": 10,
    "confused_with": {
      "mood_great": 1,
      "inform": 1
    }
  },
  "bot_challenge": {
    "precision": 0.8333333333333334,
    "recall": 1.0,
    "f1-score": 0.9090909090909091,
    "support": 5,
    "confused_with": {}
  },
  "mood_great": {
    "precision": 0.8,
    "recall": 0.5,
    "f1-score": 0.6153846153846154,
    "support": 8,
    "confused_with": {
      "affirm": 3,
      "greet": 1
    }
  },
  "accuracy": 0.7978723404255319,
  "macro avg": {
    "precision": 0.8080627705627706,
    "recall": 0.8017732267732268,
    "f1-score": 0.7989226478962549,
    "support": 94
  },
  "weighted avg": {
    "precision": 0.7979926545086121,
    "recall": 0.7978723404255319,
    "f1-score": 0.7925927881315664,
    "support": 94
  },
  "micro avg": {
    "precision": 0.7978723404255319,
    "recall": 0.7978723404255319,
    "f1-score": 0.7978723404255319,
    "support": 94
  }
}